Row Labels,Average of Salary,Max of Salary,Min of Salary
Finance,28457.14286,32000,25000
HR,28200,32000,25000
IT,28233.33333,32000,25000
Marketing,27921.05263,32000,25000
Operations,28066.66667,32000,25000
Grand Total,28173.4104,32000,25000
